{  
  "inner":[
    [652.3339794897448,53.0078125],[1115.5655952976488,61.0078125],[1414.7151700850425,77.0078125],[1601.808716858429,116.0078125],[1684.8502376188094,175.0078125],[1682.8492371185591,239.0078125],[1645.8307278639318,317.0078125],[1582.799212106053,391.0078125],[1519.767696348174,430.0078125],[1427.7216733366683,491.0078125],[1391.703664332166,559.0078125],[1400.7081665832916,616.0078125],[1462.7391820910454,640.0078125],[1552.784204602301,638.0078125],[1670.8432341170585,632.0078125],[1814.9152701350674,649.0078125],[1867.9417833916957,698.0078125],[1882.9492871435716,778.0078125],[1876.9462856428213,892.0078125],[1856.93628064032,985.0078125],[1807.911768384192,1084.0078125],[1730.873249124562,1174.0078125],[1639.8277263631815,1249.0078125],[1483.7496873436717,1274.0078125],[1298.657141070535,1283.0078125],[746.3810030015007,1277.0078125],[542.278951975988,1241.0078125],[412.2139194597298,1145.0078125],[371.1934092046023,1040.0078125],[356.18590545272633,887.0078125],[374.19490995497745,770.0078125],[430.22292396198094,692.0078125],[526.270947973987,647.0078125],[653.33447973987,611.0078125],[775.3955102551275,560.0078125],[812.4140195097548,479.0078125],[773.3945097548774,410.0078125],[646.3309779889945,367.0078125],[502.25894197098546,353.0078125],[349.1824037018509,340.0078125],[212.11386943471734,296.0078125],[155.08535517758878,218.0078125],[166.09085792896448,155.0078125],[244.12987743871935,118.0078125],[355.18540520260126,88.0078125],[458.2369309654827,70.0078125],[557.2864557278639,58.0078125],[652.3339794897448,53.0078125]
  ],
  "outer":[
    [731.3734992496247,196.0078125],[973.4945597798899,185.0078125],[1148.5821035517758,185.0078125],[1273.6446348174086,194.0078125],[1313.6646448224112,233.0078125],[1285.6506378189094,269.0078125],[1258.6371310655327,317.0078125],[1211.6136193096547,385.0078125],[1177.5966108054026,463.0078125],[1163.5896073036517,550.0078125],[1162.5891070535267,626.0078125],[1201.6086168084041,691.0078125],[1273.6446348174086,737.0078125],[1349.6826538269133,784.0078125],[1462.7391820910454,812.0078125],[1555.7857053526764,824.0078125],[1606.8112181090544,853.0078125],[1619.8177213606803,917.0078125],[1613.81471985993,977.0078125],[1583.799712356178,1039.0078125],[1510.7631940970484,1082.0078125],[1426.721173086543,1085.0078125],[1282.6491370685342,1087.0078125],[1132.574099549775,1076.0078125],[1006.511068034017,1069.0078125],[830.423024012006,1078.0078125],[698.3569909954977,1076.0078125],[589.3024637318659,1051.0078125],[553.2844547273636,1010.0078125],[553.2844547273636,950.0078125],[581.2984617308654,899.0078125],[653.33447973987,827.0078125],[874.4450350175088,724.0078125],[973.4945597798899,686.0078125],[1007.5115682841421,578.0078125],[1022.519072036018,433.0078125],[1024.5200725362681,367.0078125],[995.5055652826412,310.0078125],[955.4855552776388,266.0078125],[859.4375312656327,242.0078125],[763.3895072536268,236.0078125],[706.3609929964982,230.0078125],[613.3144697348674,224.0078125],[508.26194347173583,215.0078125],[731.3734992496247,196.0078125]
  ],
  "gates":[
    [[1180.598111555778,35.0078125],[1147.5816033016508,208.0078125]],[[1414.7151700850425,53.0078125],[1249.632628814407,224.0078125]],[[1645.8307278639318,121.0078125],[1255.6356303151574,281.0078125]],[[1693.854739869935,301.0078125],[1222.6191220610303,313.0078125]],[[1597.8067158579288,406.0078125],[1189.6026138069035,382.0078125]],[[1481.7486868434216,487.0078125],[1153.5846048024011,470.0078125]],[[1418.7171710855428,559.0078125],[1157.5866058029014,635.0078125]],[[1460.7381815907954,608.0078125],[1262.639132066033,761.0078125]],[[1529.7726988494246,617.0078125],[1469.7426838419208,826.0078125]],[[1631.823724362181,610.0078125],[1574.7952101050525,850.0078125]],[[1834.9252751375686,626.0078125],[1603.8097173586793,899.0078125]],[[1904.960292646323,710.0078125],[1603.8097173586793,928.0078125]],[[1904.960292646323,890.0078125],[1591.8037143571785,962.0078125]],[[1886.951288144072,1019.0078125],[1591.8037143571785,985.0078125]],[[1843.9297773886942,1108.0078125],[1577.7967108554276,1018.0078125]],[[1804.9102676338168,1171.0078125],[1544.7802026013005,1039.0078125]],[[1726.871248124062,1238.0078125],[1514.7651950975487,1048.0078125]],[[1636.8262256128064,1276.0078125],[1480.7481865932966,1052.0078125]],[[1544.7802026013005,1282.0078125],[1403.7096673336669,1049.0078125]],[[1385.7006628314157,1310.0078125],[1316.6661455727863,1049.0078125]],[[1223.6196223111556,1312.0078125],[1166.591108054027,1046.0078125]],[[1109.5625937968985,1301.0078125],[1006.511068034017,1037.0078125]],[[866.4410330165082,1294.0078125],[845.4305277638819,1049.0078125]],[[694.3549899949975,1280.0078125],[725.3704977488744,1052.0078125]],[[559.287456228114,1259.0078125],[640.3279764882441,1019.0078125]],[[469.2424337168584,1217.0078125],[598.3069659829914,1024.0078125]],[[392.2039144572286,1156.0078125],[578.2969609804902,998.0078125]],[[359.18740620310155,1069.0078125],[580.2979614807404,967.0078125]],[[323.16939719859926,965.0078125],[596.3059654827414,926.0078125]],[[343.1794022011005,856.0078125],[646.3309779889945,875.0078125]],[[359.18740620310155,728.0078125],[679.3474862431216,841.0078125]],[[467.2414332166083,628.0078125],[734.375,814.0078125]],[[590.302963981991,572.0078125],[766.391008004002,794.0078125]],[[700.3579914957478,550.0078125],[818.4170210105052,764.0078125]],[[748.3820035017509,530.0078125],[916.4660455227613,731.0078125]],[[773.3945097548774,506.0078125],[1009.5125687843921,664.0078125]],[[772.3940095047524,475.0078125],[1028.5220735367684,535.0078125]],[[761.3885067533766,452.0078125],[1036.5260755377687,398.0078125]],[[746.3810030015007,421.0078125],[1009.5125687843921,278.0078125]],[[709.3624937468734,409.0078125],[832.4240245122561,215.0078125]],[[650.3329789894947,391.0078125],[743.3795022511255,209.0078125]],[[596.3059654827414,380.0078125],[680.3479864932466,218.0078125]],[[529.2724487243621,374.0078125],[590.302963981991,211.0078125]],[[472.2439344672336,373.0078125],[526.270947973987,215.0078125]],[[361.18840670335163,359.0078125],[521.2684467233616,215.0078125]],[[182.09886193096548,277.0078125],[517.2664457228614,214.0078125]],[[128.0718484242121,197.0078125],[514.2649449724862,212.0078125]],[[187.10136318159078,106.0078125],[523.2694472236118,217.0078125]],[[319.167396198099,61.0078125],[512.2639444722361,212.0078125]],[[425.22042271135564,49.0078125],[514.2649449724862,217.0078125]],[[470.24293396698346,37.0078125],[524.2699474737368,212.0078125]],[[523.2694472236118,37.0078125],[511.26344422211105,214.0078125]],[[569.2924587293646,32.0078125],[511.26344422211105,212.0078125]],[[623.319472236118,40.0078125],[589.3024637318659,205.0078125]],[[686.3509879939969,35.0078125],[688.351988494247,202.0078125]],[[754.3850050025012,37.0078125],[758.3870060030015,208.0078125]],[[818.4170210105052,37.0078125],[817.4165207603802,194.0078125]],[[881.4485367683841,32.0078125],[877.4465357678839,197.0078125]],[[928.472048524262,32.0078125],[947.4815532766382,191.0078125]],[[1013.5145697848924,43.0078125],[1009.5125687843921,200.0078125]]
  ]
}
